{"meta":{"version":1,"warehouse":"4.0.0"},"models":{"Asset":[{"_id":"source/image/favicon.ico","path":"image/favicon.ico","modified":0,"renderable":0},{"_id":"themes/mango/source/favicon.ico","path":"favicon.ico","modified":0,"renderable":1},{"_id":"themes/mango/source/css/style.styl","path":"css/style.styl","modified":0,"renderable":1},{"_id":"themes/mango/source/fancybox/blank.gif","path":"fancybox/blank.gif","modified":0,"renderable":1},{"_id":"themes/mango/source/fancybox/fancybox_loading.gif","path":"fancybox/fancybox_loading.gif","modified":0,"renderable":1},{"_id":"themes/mango/source/fancybox/fancybox_loading@2x.gif","path":"fancybox/fancybox_loading@2x.gif","modified":0,"renderable":1},{"_id":"themes/mango/source/fancybox/fancybox_overlay.png","path":"fancybox/fancybox_overlay.png","modified":0,"renderable":1},{"_id":"themes/mango/source/fancybox/fancybox_sprite.png","path":"fancybox/fancybox_sprite.png","modified":0,"renderable":1},{"_id":"themes/mango/source/fancybox/fancybox_sprite@2x.png","path":"fancybox/fancybox_sprite@2x.png","modified":0,"renderable":1},{"_id":"themes/mango/source/fancybox/jquery.fancybox.css","path":"fancybox/jquery.fancybox.css","modified":0,"renderable":1},{"_id":"themes/mango/source/fancybox/jquery.fancybox.pack.js","path":"fancybox/jquery.fancybox.pack.js","modified":0,"renderable":1},{"_id":"themes/mango/source/fancybox/jquery.fancybox.js","path":"fancybox/jquery.fancybox.js","modified":0,"renderable":1},{"_id":"themes/mango/source/image/favicon.ico","path":"image/favicon.ico","modified":0,"renderable":1},{"_id":"themes/mango/source/js/script.js","path":"js/script.js","modified":0,"renderable":1},{"_id":"themes/mango/source/css/fonts/FontAwesome.otf","path":"css/fonts/FontAwesome.otf","modified":0,"renderable":1},{"_id":"themes/mango/source/css/fonts/fontawesome-webfont.eot","path":"css/fonts/fontawesome-webfont.eot","modified":0,"renderable":1},{"_id":"themes/mango/source/css/fonts/fontawesome-webfont.svg","path":"css/fonts/fontawesome-webfont.svg","modified":0,"renderable":1},{"_id":"themes/mango/source/css/fonts/fontawesome-webfont.ttf","path":"css/fonts/fontawesome-webfont.ttf","modified":0,"renderable":1},{"_id":"themes/mango/source/css/fonts/fontawesome-webfont.woff","path":"css/fonts/fontawesome-webfont.woff","modified":0,"renderable":1},{"_id":"themes/mango/source/fancybox/helpers/fancybox_buttons.png","path":"fancybox/helpers/fancybox_buttons.png","modified":0,"renderable":1},{"_id":"themes/mango/source/fancybox/helpers/jquery.fancybox-buttons.css","path":"fancybox/helpers/jquery.fancybox-buttons.css","modified":0,"renderable":1},{"_id":"themes/mango/source/fancybox/helpers/jquery.fancybox-buttons.js","path":"fancybox/helpers/jquery.fancybox-buttons.js","modified":0,"renderable":1},{"_id":"themes/mango/source/fancybox/helpers/jquery.fancybox-media.js","path":"fancybox/helpers/jquery.fancybox-media.js","modified":0,"renderable":1},{"_id":"themes/mango/source/fancybox/helpers/jquery.fancybox-thumbs.css","path":"fancybox/helpers/jquery.fancybox-thumbs.css","modified":0,"renderable":1},{"_id":"themes/mango/source/fancybox/helpers/jquery.fancybox-thumbs.js","path":"fancybox/helpers/jquery.fancybox-thumbs.js","modified":0,"renderable":1}],"Cache":[{"_id":"source/About/index.md","hash":"a0e5835554b9c78cf4f2b6d3d96e86d265316b96","modified":1617420231586},{"_id":"source/Resume/index.md","hash":"2dc3c4cf253d5ba3034dad76173fe2fbe7034269","modified":1617417871242},{"_id":"source/CoolStuff/index.md","hash":"c5a2a154f2fca1943953ca5fd8eb3666388c5b49","modified":1617419638221},{"_id":"source/Thoughts/index.md","hash":"768855cd22ebf231efc4af7830a0228da228eb82","modified":1617414123736},{"_id":"source/_posts/first-post-1.md","hash":"20cf32cdabcbc59eb014843646a2df7b5a27abe0","modified":1617410705424},{"_id":"source/_posts/first-post.md","hash":"ed173118392502d292e66aecdf4227ffc36937be","modified":1617410705424},{"_id":"source/image/favicon.ico","hash":"fafe16fb4b12bb51d906979695da18357ba401ab","modified":1617410705417},{"_id":"themes/mango/.gitignore","hash":"ea2b285a29690f1eabbad0f3a158e34e9ccd1d86","modified":1617413694777},{"_id":"themes/mango/Gruntfile.js","hash":"412e30530784993c8997aa8b1319c669b83b91c2","modified":1617413694777},{"_id":"themes/mango/LICENSE","hash":"2a7ea9f99cb166c845228c23b01bc2c1959728bb","modified":1617413694777},{"_id":"themes/mango/README.md","hash":"59632bc06f3af1599ac560c957698c3087b1520c","modified":1617420979855},{"_id":"themes/mango/_config.yml","hash":"9fc21fa1c082279ed8e01f23bdfa0758a6b7c2d6","modified":1617416497977},{"_id":"themes/mango/favicon.ico","hash":"fafe16fb4b12bb51d906979695da18357ba401ab","modified":1617410705417},{"_id":"themes/mango/favicon.png","hash":"90aa0ad4763e49ee06521abba4d2a81b6d66d331","modified":1617420468127},{"_id":"themes/mango/package.json","hash":"6e567a9654e61eb3f548c75edef380c2e135c433","modified":1617413694793},{"_id":"themes/mango/languages/de.yml","hash":"d45cea36c5c83d7d09afcd1c26fff4a4c513c25b","modified":1617413694777},{"_id":"themes/mango/languages/default.yml","hash":"f26a34a7983d4bc17c65c7f0f14da598e62ce66d","modified":1617413694777},{"_id":"themes/mango/languages/es.yml","hash":"e3b4937da4cd2d0393b8a0ba310e70fc605cc431","modified":1617413694777},{"_id":"themes/mango/languages/ja.yml","hash":"3e2fedca096678c0c234ebffa4637828979296fa","modified":1617413694777},{"_id":"themes/mango/languages/fr.yml","hash":"8cb0fe4b6913b4d5b662cdd0108a923c90025f85","modified":1617413694777},{"_id":"themes/mango/languages/nl.yml","hash":"3d82ec703d0b3287739d7cb4750a715ae83bfcb3","modified":1617413694777},{"_id":"themes/mango/languages/ko.yml","hash":"11330316e3c1262474a2b496e40dbc29f93fe01b","modified":1617413694777},{"_id":"themes/mango/languages/no.yml","hash":"ddf2035e920a5ecb9076138c184257d9f51896a7","modified":1617413694777},{"_id":"themes/mango/languages/pt.yml","hash":"ae2c61b30e638f74f1a42c9ce39ac08d063b30f5","modified":1617413694777},{"_id":"themes/mango/languages/ru.yml","hash":"2a476b4c6e04900914c81378941640ac5d58a1f0","modified":1617413694777},{"_id":"themes/mango/languages/zh-CN.yml","hash":"b057f389c6713010f97d461e48ec959b0b6f3b44","modified":1617413694777},{"_id":"themes/mango/languages/zh-TW.yml","hash":"f5f0ca88185da7a8457760d84bf221781473bd7c","modified":1617413694777},{"_id":"themes/mango/layout/archive.ejs","hash":"2703b07cc8ac64ae46d1d263f4653013c7e1666b","modified":1617413694793},{"_id":"themes/mango/layout/category.ejs","hash":"765426a9c8236828dc34759e604cc2c52292835a","modified":1617413694793},{"_id":"themes/mango/layout/index.ejs","hash":"aa1b4456907bdb43e629be3931547e2d29ac58c8","modified":1617413694793},{"_id":"themes/mango/layout/layout.ejs","hash":"a3e257fa82710d2bd217e9a3a820fd111acd84dd","modified":1617413694793},{"_id":"themes/mango/layout/page.ejs","hash":"7d80e4e36b14d30a7cd2ac1f61376d9ebf264e8b","modified":1617413694793},{"_id":"themes/mango/layout/post.ejs","hash":"7d80e4e36b14d30a7cd2ac1f61376d9ebf264e8b","modified":1617413694793},{"_id":"themes/mango/layout/tag.ejs","hash":"085718871e835fa4e278ab88e57a0340e9e1c6df","modified":1617413694793},{"_id":"themes/mango/scripts/fancybox.js","hash":"4c130fc242cf9b59b5df6ca5eae3b14302311e8c","modified":1617413694793},{"_id":"themes/mango/source/favicon.ico","hash":"fafe16fb4b12bb51d906979695da18357ba401ab","modified":1617410705417},{"_id":"themes/mango/layout/_partial/after-footer.ejs","hash":"5e3b70c028d518b8f765e29a5e2020e7ba6ed589","modified":1617413694793},{"_id":"themes/mango/layout/_partial/archive-post.ejs","hash":"5062c723721d8497eebad372f57092ade45041f4","modified":1617413694793},{"_id":"themes/mango/layout/_partial/archive.ejs","hash":"863acd8b89a108e6ff34afe6fd05de84f6d40b67","modified":1617413694793},{"_id":"themes/mango/layout/_partial/archive-tag.ejs","hash":"863acd8b89a108e6ff34afe6fd05de84f6d40b67","modified":1617413694793},{"_id":"themes/mango/layout/_partial/article-abstract.ejs","hash":"90cb15fd0952e1219c990702803953bbe01f7c15","modified":1617413694793},{"_id":"themes/mango/layout/_partial/article.ejs","hash":"6d0abbacb2a0a17cb8d25f6475f82c99a7f6c27f","modified":1617413694793},{"_id":"themes/mango/layout/_partial/footer.ejs","hash":"ef456388033981653cdc3adf26d6a66edd255cce","modified":1617413694793},{"_id":"themes/mango/layout/_partial/google-analytics.ejs","hash":"1ccc627d7697e68fddc367c73ac09920457e5b35","modified":1617413694793},{"_id":"themes/mango/layout/_partial/gauges-analytics.ejs","hash":"ace3000bd3e01d03041d5be24f7640b6c003a5b5","modified":1617413694793},{"_id":"themes/mango/layout/_partial/head.ejs","hash":"43afc4219f2bdbdc1ae59eede51fadbf96204483","modified":1617413694793},{"_id":"themes/mango/layout/_partial/header.ejs","hash":"1af7a4416c61d8a5729dfcb70db32ae2d4d4b25a","modified":1617413694793},{"_id":"themes/mango/layout/_partial/mobile-nav.ejs","hash":"347cf1befd2ea637c24bd5901929d8e36e359e75","modified":1617413694793},{"_id":"themes/mango/layout/_partial/sidebar.ejs","hash":"c70869569749a8f48cce202fa57926c06b55fdab","modified":1617413694793},{"_id":"themes/mango/layout/_widget/archive.ejs","hash":"0fe1e52c291c9499bd05b966e0b9aac5be351c58","modified":1617413694793},{"_id":"themes/mango/layout/_widget/category.ejs","hash":"866790acc13fed44b7ef74c3e19c300a3d6180d8","modified":1617413694793},{"_id":"themes/mango/layout/_widget/recent_posts.ejs","hash":"16800f85ffb036d2644a26e02facd61acb3706e9","modified":1617413694793},{"_id":"themes/mango/layout/_widget/tag.ejs","hash":"6017c54a8c3c8ff8db491cfbea3100c139da75d6","modified":1617413694793},{"_id":"themes/mango/layout/_widget/tagcloud.ejs","hash":"7259c179aa0c41c02e467ad892292e90430aaabc","modified":1617413694793},{"_id":"themes/mango/source/css/_extend.styl","hash":"069ff0319da313b3c86fbd97ece9eaa5948fecf7","modified":1617419715872},{"_id":"themes/mango/source/css/_variables.styl","hash":"c40bb41ebde4234613c13cdfb795614d682ba52e","modified":1617413694809},{"_id":"themes/mango/source/css/style.styl","hash":"f8d3f84c7ff20ba3e91fe4f0501b85af2f84a4e7","modified":1617417095361},{"_id":"themes/mango/source/fancybox/blank.gif","hash":"2daeaa8b5f19f0bc209d976c02bd6acb51b00b0a","modified":1617413694809},{"_id":"themes/mango/source/fancybox/fancybox_loading.gif","hash":"1a755fb2599f3a313cc6cfdb14df043f8c14a99c","modified":1617413694809},{"_id":"themes/mango/source/fancybox/fancybox_loading@2x.gif","hash":"273b123496a42ba45c3416adb027cd99745058b0","modified":1617413694809},{"_id":"themes/mango/source/fancybox/fancybox_overlay.png","hash":"b3a4ee645ba494f52840ef8412015ba0f465dbe0","modified":1617413694809},{"_id":"themes/mango/source/fancybox/fancybox_sprite.png","hash":"17df19f97628e77be09c352bf27425faea248251","modified":1617413694809},{"_id":"themes/mango/source/fancybox/fancybox_sprite@2x.png","hash":"30c58913f327e28f466a00f4c1ac8001b560aed8","modified":1617413694809},{"_id":"themes/mango/source/fancybox/jquery.fancybox.css","hash":"2e54d51d21e68ebc4bb870f6e57d3bfb660d4f9c","modified":1617413694824},{"_id":"themes/mango/source/fancybox/jquery.fancybox.pack.js","hash":"2da892a02778236b64076e5e8802ef0566e1d9e8","modified":1617413694824},{"_id":"themes/mango/source/fancybox/jquery.fancybox.js","hash":"58193c802f307ec9bc9e586c0e8a13ebef45d2f8","modified":1617413694824},{"_id":"themes/mango/source/image/favicon.ico","hash":"fafe16fb4b12bb51d906979695da18357ba401ab","modified":1617410705417},{"_id":"themes/mango/source/js/script.js","hash":"c0d368681c687258b628bacc84cc30d353de6d47","modified":1617413694824},{"_id":"themes/mango/layout/_partial/post/category.ejs","hash":"16128d2422645e18d1b6882d4c4df17d895bd76e","modified":1617413694793},{"_id":"themes/mango/layout/_partial/post/date.ejs","hash":"947f513f7a85fbcf085624e46dc2ae6de8185eec","modified":1617413694793},{"_id":"themes/mango/layout/_partial/post/gallery.ejs","hash":"b0bf3f5d923c261ca2b5fabab513f1ec2708c8ca","modified":1617413694793},{"_id":"themes/mango/layout/_partial/post/nav.ejs","hash":"c87942501fbdb1a862dea3cb9967cbe3015d4a40","modified":1617413694793},{"_id":"themes/mango/layout/_partial/post/tag.ejs","hash":"694b5101bcc44c9f9c1cc62e5ad2fdfb4b7c7a07","modified":1617413694793},{"_id":"themes/mango/layout/_partial/post/title.ejs","hash":"d4a460a35e2112d0c7414fd5e19b3a16093f1caf","modified":1617413694793},{"_id":"themes/mango/source/css/_partial/article.styl","hash":"6ff9cdfd770cee344f29653326c949a2edf7e3f7","modified":1617419406152},{"_id":"themes/mango/source/css/_partial/archive.styl","hash":"9391a15b27b99f58ec1bdacfb8fad99b05188dcc","modified":1617413694793},{"_id":"themes/mango/source/css/_partial/comment.styl","hash":"2834870661e490775f9154d71638bfdc72e640a6","modified":1617413694793},{"_id":"themes/mango/source/css/_partial/footer.styl","hash":"ae127662b0794775d3512678144194b8f66d6c24","modified":1617415557128},{"_id":"themes/mango/source/css/_partial/header.styl","hash":"c4a0e48e7faeaf3eb854f0e8e383d1dda902d0b0","modified":1617415422377},{"_id":"themes/mango/source/css/_partial/highlight.styl","hash":"ac19f1621305ca9f6a7b74acd211a4c0d88690bd","modified":1617413694809},{"_id":"themes/mango/source/css/_partial/mobile.styl","hash":"e607ce49f0a5baefbcd337989ef2506bea0347cc","modified":1617413694809},{"_id":"themes/mango/source/css/_partial/sidebar-aside.styl","hash":"1fb15f13ba70d5b954f62920c6b63d26e2fb2985","modified":1617413694809},{"_id":"themes/mango/source/css/_partial/sidebar.styl","hash":"8d971a00e644a600179b04815688d188f094012e","modified":1617413694809},{"_id":"themes/mango/source/css/_partial/sidebar-bottom.styl","hash":"4132e25ba9680c4b911a01abc75f501cda3fa4f1","modified":1617413694809},{"_id":"themes/mango/source/css/_util/grid.styl","hash":"1aa883ab432d9e4139c89dcbd40ae2bd1528d029","modified":1617413694809},{"_id":"themes/mango/source/css/_util/mixin.styl","hash":"429bad87fc156eacf226c5e35b0eafc277f2504b","modified":1617413694809},{"_id":"themes/mango/source/css/fonts/FontAwesome.otf","hash":"b5b4f9be85f91f10799e87a083da1d050f842734","modified":1617413694809},{"_id":"themes/mango/source/css/fonts/fontawesome-webfont.eot","hash":"7619748fe34c64fb157a57f6d4ef3678f63a8f5e","modified":1617413694809},{"_id":"themes/mango/source/css/fonts/fontawesome-webfont.woff","hash":"04c3bf56d87a0828935bd6b4aee859995f321693","modified":1617413694809},{"_id":"themes/mango/source/fancybox/helpers/fancybox_buttons.png","hash":"e385b139516c6813dcd64b8fc431c364ceafe5f3","modified":1617413694809},{"_id":"themes/mango/source/fancybox/helpers/jquery.fancybox-buttons.css","hash":"6394c48092085788a8c0ef72670b0652006231a1","modified":1617413694809},{"_id":"themes/mango/source/fancybox/helpers/jquery.fancybox-buttons.js","hash":"4c9c395d705d22af7da06870d18f434e2a2eeaf9","modified":1617413694809},{"_id":"themes/mango/source/fancybox/helpers/jquery.fancybox-media.js","hash":"e14c32cc6823b81b2f758512f13ed8eb9ef2b454","modified":1617413694809},{"_id":"themes/mango/source/fancybox/helpers/jquery.fancybox-thumbs.css","hash":"b88b589f5f1aa1b3d87cc7eef34c281ff749b1ae","modified":1617413694824},{"_id":"themes/mango/source/fancybox/helpers/jquery.fancybox-thumbs.js","hash":"83cdfea43632b613771691a11f56f99d85fb6dbd","modified":1617413694824},{"_id":"themes/mango/source/css/fonts/fontawesome-webfont.ttf","hash":"7f09c97f333917034ad08fa7295e916c9f72fd3f","modified":1617413694809},{"_id":"themes/mango/source/css/fonts/fontawesome-webfont.svg","hash":"a275426daefd3716c53561fad121d258a7f05b47","modified":1617413694809},{"_id":"public/About/index.html","hash":"1e3486a0aca23da9f1092a72c76048e4019350e7","modified":1617421035553},{"_id":"public/Resume/index.html","hash":"5a76cb2dec7fdd4a0bf634cf719640e93e10370f","modified":1617421035553},{"_id":"public/CoolStuff/index.html","hash":"185bea1d4a37bd9f018404534179e5405a62620e","modified":1617421035553},{"_id":"public/Thoughts/index.html","hash":"f4976141d4df2b6f28463620c75f814c16ca3a78","modified":1617421035553},{"_id":"public/2021/04/02/first-post-1/index.html","hash":"cb0adeb05c7db98adb4aa48f5038a42a18b2e50a","modified":1617421035553},{"_id":"public/2021/04/02/first-post/index.html","hash":"12e61324e312821493736f92e1f532401ab08088","modified":1617421035553},{"_id":"public/archives/index.html","hash":"2195ec8be1da81f0754718be28be3cd2f04d3128","modified":1617421035553},{"_id":"public/archives/2021/index.html","hash":"42fa1d20edba23dc66ac872a5c57d9c43cb889e8","modified":1617421035553},{"_id":"public/archives/2021/04/index.html","hash":"aeff8b19d2de9ceb7ed0594b0374d69300cfd20f","modified":1617421035553},{"_id":"public/index.html","hash":"9ed97701b492dc245f9d6175f99fb2f03c56789a","modified":1617421035553},{"_id":"public/image/favicon.ico","hash":"fafe16fb4b12bb51d906979695da18357ba401ab","modified":1617421035553},{"_id":"public/favicon.ico","hash":"fafe16fb4b12bb51d906979695da18357ba401ab","modified":1617421035553},{"_id":"public/fancybox/blank.gif","hash":"2daeaa8b5f19f0bc209d976c02bd6acb51b00b0a","modified":1617421035553},{"_id":"public/fancybox/fancybox_loading.gif","hash":"1a755fb2599f3a313cc6cfdb14df043f8c14a99c","modified":1617421035553},{"_id":"public/fancybox/fancybox_loading@2x.gif","hash":"273b123496a42ba45c3416adb027cd99745058b0","modified":1617421035553},{"_id":"public/fancybox/fancybox_overlay.png","hash":"b3a4ee645ba494f52840ef8412015ba0f465dbe0","modified":1617421035553},{"_id":"public/fancybox/fancybox_sprite.png","hash":"17df19f97628e77be09c352bf27425faea248251","modified":1617421035553},{"_id":"public/fancybox/fancybox_sprite@2x.png","hash":"30c58913f327e28f466a00f4c1ac8001b560aed8","modified":1617421035553},{"_id":"public/css/fonts/FontAwesome.otf","hash":"b5b4f9be85f91f10799e87a083da1d050f842734","modified":1617421035553},{"_id":"public/css/fonts/fontawesome-webfont.eot","hash":"7619748fe34c64fb157a57f6d4ef3678f63a8f5e","modified":1617421035553},{"_id":"public/css/fonts/fontawesome-webfont.woff","hash":"04c3bf56d87a0828935bd6b4aee859995f321693","modified":1617421035553},{"_id":"public/fancybox/helpers/fancybox_buttons.png","hash":"e385b139516c6813dcd64b8fc431c364ceafe5f3","modified":1617421035553},{"_id":"public/css/fonts/fontawesome-webfont.ttf","hash":"7f09c97f333917034ad08fa7295e916c9f72fd3f","modified":1617421035553},{"_id":"public/fancybox/jquery.fancybox.css","hash":"aaa582fb9eb4b7092dc69fcb2d5b1c20cca58ab6","modified":1617421035553},{"_id":"public/js/script.js","hash":"2876e0b19ce557fca38d7c6f49ca55922ab666a1","modified":1617421035553},{"_id":"public/fancybox/helpers/jquery.fancybox-buttons.css","hash":"1a9d8e5c22b371fcc69d4dbbb823d9c39f04c0c8","modified":1617421035553},{"_id":"public/fancybox/helpers/jquery.fancybox-buttons.js","hash":"dc3645529a4bf72983a39fa34c1eb9146e082019","modified":1617421035553},{"_id":"public/fancybox/helpers/jquery.fancybox-media.js","hash":"294420f9ff20f4e3584d212b0c262a00a96ecdb3","modified":1617421035553},{"_id":"public/fancybox/helpers/jquery.fancybox-thumbs.css","hash":"4ac329c16a5277592fc12a37cca3d72ca4ec292f","modified":1617421035553},{"_id":"public/fancybox/helpers/jquery.fancybox-thumbs.js","hash":"47da1ae5401c24b5c17cc18e2730780f5c1a7a0c","modified":1617421035553},{"_id":"public/css/style.css","hash":"e085d82c9b04d3cf835ddf44f6a457726115ebd6","modified":1617421035553},{"_id":"public/css/fonts/fontawesome-webfont.svg","hash":"a275426daefd3716c53561fad121d258a7f05b47","modified":1617421035553},{"_id":"public/fancybox/jquery.fancybox.pack.js","hash":"9e0d51ca1dbe66f6c0c7aefd552dc8122e694a6e","modified":1617421035553},{"_id":"public/fancybox/jquery.fancybox.js","hash":"d08b03a42d5c4ba456ef8ba33116fdbb7a9cabed","modified":1617421035553}],"Category":[],"Data":[],"Page":[{"title":"About","date":"2021-04-03T01:41:05.000Z","_content":"\n## A current Graduate student of Island Studies in Canada. <br><br> Open to all challenges.\n\n* Innovator\n* Hobby Graphic Designer\n* Self-taught Frontend Developer\n\n#Tech #Tourism #Research #NewBusinessModel #DigitalTransformation\n\n\n","source":"About/index.md","raw":"---\ntitle: About\ndate: 2021-04-02 22:41:05\n---\n\n## A current Graduate student of Island Studies in Canada. <br><br> Open to all challenges.\n\n* Innovator\n* Hobby Graphic Designer\n* Self-taught Frontend Developer\n\n#Tech #Tourism #Research #NewBusinessModel #DigitalTransformation\n\n\n","updated":"2021-04-03T03:23:51.586Z","path":"About/index.html","comments":1,"layout":"page","_id":"ckn16pmck0000tkurh1gx5igv","content":"<h2 id=\"A-current-Graduate-student-of-Island-Studies-in-Canada-Open-to-all-challenges\"><a href=\"#A-current-Graduate-student-of-Island-Studies-in-Canada-Open-to-all-challenges\" class=\"headerlink\" title=\"A current Graduate student of Island Studies in Canada.  Open to all challenges.\"></a>A current Graduate student of Island Studies in Canada. <br><br> Open to all challenges.</h2><ul>\n<li>Innovator</li>\n<li>Hobby Graphic Designer</li>\n<li>Self-taught Frontend Developer</li>\n</ul>\n<p>#Tech #Tourism #Research #NewBusinessModel #DigitalTransformation</p>\n","site":{"data":{}},"excerpt":"","more":"<h2 id=\"A-current-Graduate-student-of-Island-Studies-in-Canada-Open-to-all-challenges\"><a href=\"#A-current-Graduate-student-of-Island-Studies-in-Canada-Open-to-all-challenges\" class=\"headerlink\" title=\"A current Graduate student of Island Studies in Canada.  Open to all challenges.\"></a>A current Graduate student of Island Studies in Canada. <br><br> Open to all challenges.</h2><ul>\n<li>Innovator</li>\n<li>Hobby Graphic Designer</li>\n<li>Self-taught Frontend Developer</li>\n</ul>\n<p>#Tech #Tourism #Research #NewBusinessModel #DigitalTransformation</p>\n"},{"title":"Resume","date":"2021-04-03T02:20:18.000Z","_content":"\n* * *\n\n#### Awards\nUPEI Entrance Scholarships (CA$5,000)  \nUPEI Student Adversity Award (CA$1,000)  \nHong Kong Commercial Radio 50th Anniversary Scholarship (HK$20,000)\n\n* * *\n\n#### Research\n(2020) Public Sector - Analysis of Electric Vehicles Charging Points \n(2020) Public Sector - Reducing Organizational Red Tape\n\n* * *\n\n#### Education\n**Island Studies [Master's]**  \nUniversity of Prince Edward Island (UPEI)  \nCanada | 2020-2021\n\n**International Journalism [Bachelor's]**  \nHong Kong Baptist University (HKBU)  \nHong Kong | 2010-2013","source":"Resume/index.md","raw":"---\ntitle: Resume\ndate: 2021-04-02 23:20:18\n---\n\n* * *\n\n#### Awards\nUPEI Entrance Scholarships (CA$5,000)  \nUPEI Student Adversity Award (CA$1,000)  \nHong Kong Commercial Radio 50th Anniversary Scholarship (HK$20,000)\n\n* * *\n\n#### Research\n(2020) Public Sector - Analysis of Electric Vehicles Charging Points \n(2020) Public Sector - Reducing Organizational Red Tape\n\n* * *\n\n#### Education\n**Island Studies [Master's]**  \nUniversity of Prince Edward Island (UPEI)  \nCanada | 2020-2021\n\n**International Journalism [Bachelor's]**  \nHong Kong Baptist University (HKBU)  \nHong Kong | 2010-2013","updated":"2021-04-03T02:44:31.242Z","path":"Resume/index.html","comments":1,"layout":"page","_id":"ckn16pmcq0002tkurdqzd854m","content":"<hr>\n<h4 id=\"Awards\"><a href=\"#Awards\" class=\"headerlink\" title=\"Awards\"></a>Awards</h4><p>UPEI Entrance Scholarships (CA$5,000)<br>UPEI Student Adversity Award (CA$1,000)<br>Hong Kong Commercial Radio 50th Anniversary Scholarship (HK$20,000)</p>\n<hr>\n<h4 id=\"Research\"><a href=\"#Research\" class=\"headerlink\" title=\"Research\"></a>Research</h4><p>(2020) Public Sector - Analysis of Electric Vehicles Charging Points<br>(2020) Public Sector - Reducing Organizational Red Tape</p>\n<hr>\n<h4 id=\"Education\"><a href=\"#Education\" class=\"headerlink\" title=\"Education\"></a>Education</h4><p><strong>Island Studies [Master’s]</strong><br>University of Prince Edward Island (UPEI)<br>Canada | 2020-2021</p>\n<p><strong>International Journalism [Bachelor’s]</strong><br>Hong Kong Baptist University (HKBU)<br>Hong Kong | 2010-2013</p>\n","site":{"data":{}},"excerpt":"","more":"<hr>\n<h4 id=\"Awards\"><a href=\"#Awards\" class=\"headerlink\" title=\"Awards\"></a>Awards</h4><p>UPEI Entrance Scholarships (CA$5,000)<br>UPEI Student Adversity Award (CA$1,000)<br>Hong Kong Commercial Radio 50th Anniversary Scholarship (HK$20,000)</p>\n<hr>\n<h4 id=\"Research\"><a href=\"#Research\" class=\"headerlink\" title=\"Research\"></a>Research</h4><p>(2020) Public Sector - Analysis of Electric Vehicles Charging Points<br>(2020) Public Sector - Reducing Organizational Red Tape</p>\n<hr>\n<h4 id=\"Education\"><a href=\"#Education\" class=\"headerlink\" title=\"Education\"></a>Education</h4><p><strong>Island Studies [Master’s]</strong><br>University of Prince Edward Island (UPEI)<br>Canada | 2020-2021</p>\n<p><strong>International Journalism [Bachelor’s]</strong><br>Hong Kong Baptist University (HKBU)<br>Hong Kong | 2010-2013</p>\n"},{"title":"Cool Stuff","date":"2021-04-03T01:41:59.000Z","_content":"\n* * *\n#### Tools\n\n* [Generated Photos - AI-generated photos for different use cases](https://generated.photos/use-cases)\n* [Lobe - Free machine learning training model](https://lobe.ai/examples)\n* [PDF Mage - HTML to PDF converter](https://pdfmage.org/)\n* [DocRaptor - HTML-to-PDF, HTML-to-Excel generator](https://docraptor.com/try_it_out)\n* [Newsfilter - Powerful real-time news gatherer and email alerts](https://newsfilter.io/)\n* [News API - News API Data Feed](https://newsapi.org/)\n* [Straightaway - Route optimizer for multiple industries (e.g. courier, real estate...)](https://www.getstraightaway.com/features)\n* []()\n\n* * *\n\n#### Open Source\n* [DokuWiki - Wiki software](https://www.dokuwiki.org/dokuwiki)\n* [Wiki.js - Wiki software](https://js.wiki/)\n* [Awesome Open Source - Open source projects database](https://awesomeopensource.com/)\n* [Flarum - Community management](https://flarum.org/)\n* [Discourse - Community management](https://www.discourse.org/)\n* [BookStack - Knowledge management platform](https://www.bookstackapp.com/)\n* [Gitter - Live chatroom & community](https://gitter.im/)\n* [Flatboard - Community management](https://flatboard.org/index.php/forum/)\n* [Vanilla Forums - Community management](https://vanillaforums.com/en/showcase/)\n* [Codoforum - Community management](https://codoforum.com/documentation/introduction)\n* [NodeBB - Community management](https://community.nodebb.org/topic/180/who-is-using-nodebb)\n* [Museo - Search art collections of world's museums.](https://museo.app/?q=)\n* [SandDance - Visualize qualitative data](https://microsoft.github.io/SandDance/app/)\n* [SuperTokens - Free alternative to Auth0, Firebase Auth and AWS Cognito](https://supertokens.io/)\n* [ICONS8 - Free icons](https://icons8.com/)\n* [hitobito - Membership & association administration](https://hitobito.com/en)\n* []()\n\n* * *\n\n#### Online Collaboration\n* [Typeform - Less boring surveys](https://www.typeform.com/)\n* [Google Jamboard - Online Whiteboard](https://jamboard.google.com/)\n* [Miro - Online Whiteboard](https://miro.com/)\n* [Mentimeter - Collaborative Tag Cloud](https://www.menti.com/)\n* []()\n\n* * *\n\n#### E-Commerce\n* [Gumroad - Simple Online Store](https://gumroad.com/)\n* []()\n\n* * *\n\n#### Cool Concepts\n* [Neo-Generalist - a restless multi-disciplinarian](https://www.forbes.com/sites/danpontefract/2017/02/15/dont-be-afraid-to-call-yourself-a-neo-generalist/?sh=51eb69913b08)\n* [Human-Centered Design - involve your users early](https://www.wired.com/insights/2013/12/human-centered-design-matters/)\n\n* * *\n\n#### Parenting / Education\n* [Family Man - Free parenting courses for dads.](https://familyman.movember.com/)\n* []()\n\n* * *\n#### Education\n\n* []()\n\n\n","source":"CoolStuff/index.md","raw":"---\ntitle: Cool Stuff\ndate: 2021-04-02 22:41:59\n---\n\n* * *\n#### Tools\n\n* [Generated Photos - AI-generated photos for different use cases](https://generated.photos/use-cases)\n* [Lobe - Free machine learning training model](https://lobe.ai/examples)\n* [PDF Mage - HTML to PDF converter](https://pdfmage.org/)\n* [DocRaptor - HTML-to-PDF, HTML-to-Excel generator](https://docraptor.com/try_it_out)\n* [Newsfilter - Powerful real-time news gatherer and email alerts](https://newsfilter.io/)\n* [News API - News API Data Feed](https://newsapi.org/)\n* [Straightaway - Route optimizer for multiple industries (e.g. courier, real estate...)](https://www.getstraightaway.com/features)\n* []()\n\n* * *\n\n#### Open Source\n* [DokuWiki - Wiki software](https://www.dokuwiki.org/dokuwiki)\n* [Wiki.js - Wiki software](https://js.wiki/)\n* [Awesome Open Source - Open source projects database](https://awesomeopensource.com/)\n* [Flarum - Community management](https://flarum.org/)\n* [Discourse - Community management](https://www.discourse.org/)\n* [BookStack - Knowledge management platform](https://www.bookstackapp.com/)\n* [Gitter - Live chatroom & community](https://gitter.im/)\n* [Flatboard - Community management](https://flatboard.org/index.php/forum/)\n* [Vanilla Forums - Community management](https://vanillaforums.com/en/showcase/)\n* [Codoforum - Community management](https://codoforum.com/documentation/introduction)\n* [NodeBB - Community management](https://community.nodebb.org/topic/180/who-is-using-nodebb)\n* [Museo - Search art collections of world's museums.](https://museo.app/?q=)\n* [SandDance - Visualize qualitative data](https://microsoft.github.io/SandDance/app/)\n* [SuperTokens - Free alternative to Auth0, Firebase Auth and AWS Cognito](https://supertokens.io/)\n* [ICONS8 - Free icons](https://icons8.com/)\n* [hitobito - Membership & association administration](https://hitobito.com/en)\n* []()\n\n* * *\n\n#### Online Collaboration\n* [Typeform - Less boring surveys](https://www.typeform.com/)\n* [Google Jamboard - Online Whiteboard](https://jamboard.google.com/)\n* [Miro - Online Whiteboard](https://miro.com/)\n* [Mentimeter - Collaborative Tag Cloud](https://www.menti.com/)\n* []()\n\n* * *\n\n#### E-Commerce\n* [Gumroad - Simple Online Store](https://gumroad.com/)\n* []()\n\n* * *\n\n#### Cool Concepts\n* [Neo-Generalist - a restless multi-disciplinarian](https://www.forbes.com/sites/danpontefract/2017/02/15/dont-be-afraid-to-call-yourself-a-neo-generalist/?sh=51eb69913b08)\n* [Human-Centered Design - involve your users early](https://www.wired.com/insights/2013/12/human-centered-design-matters/)\n\n* * *\n\n#### Parenting / Education\n* [Family Man - Free parenting courses for dads.](https://familyman.movember.com/)\n* []()\n\n* * *\n#### Education\n\n* []()\n\n\n","updated":"2021-04-03T03:13:58.221Z","path":"CoolStuff/index.html","comments":1,"layout":"page","_id":"ckn16pmcs0004tkur5ttv2ue7","content":"<hr>\n<h4 id=\"Tools\"><a href=\"#Tools\" class=\"headerlink\" title=\"Tools\"></a>Tools</h4><ul>\n<li><a href=\"https://generated.photos/use-cases\">Generated Photos - AI-generated photos for different use cases</a></li>\n<li><a href=\"https://lobe.ai/examples\">Lobe - Free machine learning training model</a></li>\n<li><a href=\"https://pdfmage.org/\">PDF Mage - HTML to PDF converter</a></li>\n<li><a href=\"https://docraptor.com/try_it_out\">DocRaptor - HTML-to-PDF, HTML-to-Excel generator</a></li>\n<li><a href=\"https://newsfilter.io/\">Newsfilter - Powerful real-time news gatherer and email alerts</a></li>\n<li><a href=\"https://newsapi.org/\">News API - News API Data Feed</a></li>\n<li><a href=\"https://www.getstraightaway.com/features\">Straightaway - Route optimizer for multiple industries (e.g. courier, real estate…)</a></li>\n<li><a href=\"\"></a></li>\n</ul>\n<hr>\n<h4 id=\"Open-Source\"><a href=\"#Open-Source\" class=\"headerlink\" title=\"Open Source\"></a>Open Source</h4><ul>\n<li><a href=\"https://www.dokuwiki.org/dokuwiki\">DokuWiki - Wiki software</a></li>\n<li><a href=\"https://js.wiki/\">Wiki.js - Wiki software</a></li>\n<li><a href=\"https://awesomeopensource.com/\">Awesome Open Source - Open source projects database</a></li>\n<li><a href=\"https://flarum.org/\">Flarum - Community management</a></li>\n<li><a href=\"https://www.discourse.org/\">Discourse - Community management</a></li>\n<li><a href=\"https://www.bookstackapp.com/\">BookStack - Knowledge management platform</a></li>\n<li><a href=\"https://gitter.im/\">Gitter - Live chatroom &amp; community</a></li>\n<li><a href=\"https://flatboard.org/index.php/forum/\">Flatboard - Community management</a></li>\n<li><a href=\"https://vanillaforums.com/en/showcase/\">Vanilla Forums - Community management</a></li>\n<li><a href=\"https://codoforum.com/documentation/introduction\">Codoforum - Community management</a></li>\n<li><a href=\"https://community.nodebb.org/topic/180/who-is-using-nodebb\">NodeBB - Community management</a></li>\n<li><a href=\"https://museo.app/?q=\">Museo - Search art collections of world’s museums.</a></li>\n<li><a href=\"https://microsoft.github.io/SandDance/app/\">SandDance - Visualize qualitative data</a></li>\n<li><a href=\"https://supertokens.io/\">SuperTokens - Free alternative to Auth0, Firebase Auth and AWS Cognito</a></li>\n<li><a href=\"https://icons8.com/\">ICONS8 - Free icons</a></li>\n<li><a href=\"https://hitobito.com/en\">hitobito - Membership &amp; association administration</a></li>\n<li><a href=\"\"></a></li>\n</ul>\n<hr>\n<h4 id=\"Online-Collaboration\"><a href=\"#Online-Collaboration\" class=\"headerlink\" title=\"Online Collaboration\"></a>Online Collaboration</h4><ul>\n<li><a href=\"https://www.typeform.com/\">Typeform - Less boring surveys</a></li>\n<li><a href=\"https://jamboard.google.com/\">Google Jamboard - Online Whiteboard</a></li>\n<li><a href=\"https://miro.com/\">Miro - Online Whiteboard</a></li>\n<li><a href=\"https://www.menti.com/\">Mentimeter - Collaborative Tag Cloud</a></li>\n<li><a href=\"\"></a></li>\n</ul>\n<hr>\n<h4 id=\"E-Commerce\"><a href=\"#E-Commerce\" class=\"headerlink\" title=\"E-Commerce\"></a>E-Commerce</h4><ul>\n<li><a href=\"https://gumroad.com/\">Gumroad - Simple Online Store</a></li>\n<li><a href=\"\"></a></li>\n</ul>\n<hr>\n<h4 id=\"Cool-Concepts\"><a href=\"#Cool-Concepts\" class=\"headerlink\" title=\"Cool Concepts\"></a>Cool Concepts</h4><ul>\n<li><a href=\"https://www.forbes.com/sites/danpontefract/2017/02/15/dont-be-afraid-to-call-yourself-a-neo-generalist/?sh=51eb69913b08\">Neo-Generalist - a restless multi-disciplinarian</a></li>\n<li><a href=\"https://www.wired.com/insights/2013/12/human-centered-design-matters/\">Human-Centered Design - involve your users early</a></li>\n</ul>\n<hr>\n<h4 id=\"Parenting-Education\"><a href=\"#Parenting-Education\" class=\"headerlink\" title=\"Parenting / Education\"></a>Parenting / Education</h4><ul>\n<li><a href=\"https://familyman.movember.com/\">Family Man - Free parenting courses for dads.</a></li>\n<li><a href=\"\"></a></li>\n</ul>\n<hr>\n<h4 id=\"Education\"><a href=\"#Education\" class=\"headerlink\" title=\"Education\"></a>Education</h4><ul>\n<li><a href=\"\"></a></li>\n</ul>\n","site":{"data":{}},"excerpt":"","more":"<hr>\n<h4 id=\"Tools\"><a href=\"#Tools\" class=\"headerlink\" title=\"Tools\"></a>Tools</h4><ul>\n<li><a href=\"https://generated.photos/use-cases\">Generated Photos - AI-generated photos for different use cases</a></li>\n<li><a href=\"https://lobe.ai/examples\">Lobe - Free machine learning training model</a></li>\n<li><a href=\"https://pdfmage.org/\">PDF Mage - HTML to PDF converter</a></li>\n<li><a href=\"https://docraptor.com/try_it_out\">DocRaptor - HTML-to-PDF, HTML-to-Excel generator</a></li>\n<li><a href=\"https://newsfilter.io/\">Newsfilter - Powerful real-time news gatherer and email alerts</a></li>\n<li><a href=\"https://newsapi.org/\">News API - News API Data Feed</a></li>\n<li><a href=\"https://www.getstraightaway.com/features\">Straightaway - Route optimizer for multiple industries (e.g. courier, real estate…)</a></li>\n<li><a href=\"\"></a></li>\n</ul>\n<hr>\n<h4 id=\"Open-Source\"><a href=\"#Open-Source\" class=\"headerlink\" title=\"Open Source\"></a>Open Source</h4><ul>\n<li><a href=\"https://www.dokuwiki.org/dokuwiki\">DokuWiki - Wiki software</a></li>\n<li><a href=\"https://js.wiki/\">Wiki.js - Wiki software</a></li>\n<li><a href=\"https://awesomeopensource.com/\">Awesome Open Source - Open source projects database</a></li>\n<li><a href=\"https://flarum.org/\">Flarum - Community management</a></li>\n<li><a href=\"https://www.discourse.org/\">Discourse - Community management</a></li>\n<li><a href=\"https://www.bookstackapp.com/\">BookStack - Knowledge management platform</a></li>\n<li><a href=\"https://gitter.im/\">Gitter - Live chatroom &amp; community</a></li>\n<li><a href=\"https://flatboard.org/index.php/forum/\">Flatboard - Community management</a></li>\n<li><a href=\"https://vanillaforums.com/en/showcase/\">Vanilla Forums - Community management</a></li>\n<li><a href=\"https://codoforum.com/documentation/introduction\">Codoforum - Community management</a></li>\n<li><a href=\"https://community.nodebb.org/topic/180/who-is-using-nodebb\">NodeBB - Community management</a></li>\n<li><a href=\"https://museo.app/?q=\">Museo - Search art collections of world’s museums.</a></li>\n<li><a href=\"https://microsoft.github.io/SandDance/app/\">SandDance - Visualize qualitative data</a></li>\n<li><a href=\"https://supertokens.io/\">SuperTokens - Free alternative to Auth0, Firebase Auth and AWS Cognito</a></li>\n<li><a href=\"https://icons8.com/\">ICONS8 - Free icons</a></li>\n<li><a href=\"https://hitobito.com/en\">hitobito - Membership &amp; association administration</a></li>\n<li><a href=\"\"></a></li>\n</ul>\n<hr>\n<h4 id=\"Online-Collaboration\"><a href=\"#Online-Collaboration\" class=\"headerlink\" title=\"Online Collaboration\"></a>Online Collaboration</h4><ul>\n<li><a href=\"https://www.typeform.com/\">Typeform - Less boring surveys</a></li>\n<li><a href=\"https://jamboard.google.com/\">Google Jamboard - Online Whiteboard</a></li>\n<li><a href=\"https://miro.com/\">Miro - Online Whiteboard</a></li>\n<li><a href=\"https://www.menti.com/\">Mentimeter - Collaborative Tag Cloud</a></li>\n<li><a href=\"\"></a></li>\n</ul>\n<hr>\n<h4 id=\"E-Commerce\"><a href=\"#E-Commerce\" class=\"headerlink\" title=\"E-Commerce\"></a>E-Commerce</h4><ul>\n<li><a href=\"https://gumroad.com/\">Gumroad - Simple Online Store</a></li>\n<li><a href=\"\"></a></li>\n</ul>\n<hr>\n<h4 id=\"Cool-Concepts\"><a href=\"#Cool-Concepts\" class=\"headerlink\" title=\"Cool Concepts\"></a>Cool Concepts</h4><ul>\n<li><a href=\"https://www.forbes.com/sites/danpontefract/2017/02/15/dont-be-afraid-to-call-yourself-a-neo-generalist/?sh=51eb69913b08\">Neo-Generalist - a restless multi-disciplinarian</a></li>\n<li><a href=\"https://www.wired.com/insights/2013/12/human-centered-design-matters/\">Human-Centered Design - involve your users early</a></li>\n</ul>\n<hr>\n<h4 id=\"Parenting-Education\"><a href=\"#Parenting-Education\" class=\"headerlink\" title=\"Parenting / Education\"></a>Parenting / Education</h4><ul>\n<li><a href=\"https://familyman.movember.com/\">Family Man - Free parenting courses for dads.</a></li>\n<li><a href=\"\"></a></li>\n</ul>\n<hr>\n<h4 id=\"Education\"><a href=\"#Education\" class=\"headerlink\" title=\"Education\"></a>Education</h4><ul>\n<li><a href=\"\"></a></li>\n</ul>\n"},{"title":"Thoughts","date":"2021-04-03T01:42:03.000Z","_content":"","source":"Thoughts/index.md","raw":"---\ntitle: Thoughts\ndate: 2021-04-02 22:42:03\n---\n","updated":"2021-04-03T01:42:03.736Z","path":"Thoughts/index.html","comments":1,"layout":"page","_id":"ckn16pmcs0005tkur63is1966","content":"","site":{"data":{}},"excerpt":"","more":""}],"Post":[{"title":"first-post","date":"2021-04-03T00:17:06.000Z","_content":"","source":"_posts/first-post.md","raw":"---\ntitle: first-post\ndate: 2021-04-02 21:17:06\ntags:\n---\n","slug":"first-post","published":1,"updated":"2021-04-03T00:45:05.424Z","comments":1,"layout":"post","photos":[],"link":"","_id":"ckn16pmcn0001tkurctaj4axn","content":"","site":{"data":{}},"excerpt":"","more":""},{"title":"first-post","date":"2021-04-03T00:23:24.000Z","_content":"","source":"_posts/first-post-1.md","raw":"---\ntitle: first-post\ndate: 2021-04-02 21:23:24\ntags:\n---\n","slug":"first-post-1","published":1,"updated":"2021-04-03T00:45:05.424Z","comments":1,"layout":"post","photos":[],"link":"","_id":"ckn16pmcq0003tkur1u6k5sw5","content":"","site":{"data":{}},"excerpt":"","more":""}],"PostAsset":[],"PostCategory":[],"PostTag":[],"Tag":[]}}